ticker,company_name,cik,sic_code,industry_name,sec_filing_url
AFL,Aflac,0000004977,6321,Accident & Health Insurance,https://www.sec.gov/edgar/browse/?CIK=0000004977
PFG,Principal Financial Group,0001126328,6321,Accident & Health Insurance,https://www.sec.gov/edgar/browse/?CIK=0001126328
CF,CF Industries,0001324404,2870,Agricultural Chemicals,https://www.sec.gov/edgar/browse/?CIK=0001324404
MOS,Mosaic Company (The),0001285785,2870,Agricultural Chemicals,https://www.sec.gov/edgar/browse/?CIK=0001285785
CTVA,Corteva,0001755672,0100,Agricultural Production-Crops,https://www.sec.gov/edgar/browse/?CIK=0001755672
FDX,FedEx,0001048911,4513,Air Courier Services,https://www.sec.gov/edgar/browse/?CIK=0001048911
DAL,Delta Air Lines,0000027904,4512,"Air Transportation, Scheduled",https://www.sec.gov/edgar/browse/?CIK=0000027904
LUV,Southwest Airlines,0000092380,4512,"Air Transportation, Scheduled",https://www.sec.gov/edgar/browse/?CIK=0000092380
UAL,United Airlines Holdings,0000100517,4512,"Air Transportation, Scheduled",https://www.sec.gov/edgar/browse/?CIK=0000100517
CARR,Carrier Global,0001783180,3585,Air-Cond & Warm Air Heatg Equip & Comm & Indl Refrig Equip,https://www.sec.gov/edgar/browse/?CIK=0001783180
JCI,Johnson Controls,0000833444,3585,Air-Cond & Warm Air Heatg Equip & Comm & Indl Refrig Equip,https://www.sec.gov/edgar/browse/?CIK=0000833444
LII,Lennox International,0001069202,3585,Air-Cond & Warm Air Heatg Equip & Comm & Indl Refrig Equip,https://www.sec.gov/edgar/browse/?CIK=0001069202
BA,Boeing,0000012927,3721,Aircraft,https://www.sec.gov/edgar/browse/?CIK=0000012927
TXT,Textron,0000217346,3720,Aircraft & Parts,https://www.sec.gov/edgar/browse/?CIK=0000217346
HON,Honeywell,0000773840,3724,Aircraft Engines & Engine Parts,https://www.sec.gov/edgar/browse/?CIK=0000773840
RTX,RTX Corporation,0000101829,3724,Aircraft Engines & Engine Parts,https://www.sec.gov/edgar/browse/?CIK=0000101829
TDG,TransDigm Group,0001260221,3728,"Aircraft Parts & Auxiliary Equipment, NEC",https://www.sec.gov/edgar/browse/?CIK=0001260221
LULU,Lululemon Athletica,0001397187,2300,Apparel & Other Finishd Prods of  Fabrics & Similar Matl,https://www.sec.gov/edgar/browse/?CIK=0001397187
CHRW,C.H. Robinson,0001043277,4731,Arrangement of  Transportation of  Freight & Cargo,https://www.sec.gov/edgar/browse/?CIK=0001043277
EXPD,Expeditors International,0000746515,4731,Arrangement of  Transportation of  Freight & Cargo,https://www.sec.gov/edgar/browse/?CIK=0000746515
TT,Trane Technologies,0001466258,3822,Auto Controls For Regulating Residential & Comml Environments,https://www.sec.gov/edgar/browse/?CIK=0001466258
KO,Coca-Cola Company (The),0000021344,2080,Beverages,https://www.sec.gov/edgar/browse/?CIK=0000021344
STZ,Constellation Brands,0000016918,2080,Beverages,https://www.sec.gov/edgar/browse/?CIK=0000016918
KDP,Keurig Dr Pepper,0001418135,2080,Beverages,https://www.sec.gov/edgar/browse/?CIK=0001418135
PEP,PepsiCo,0000077476,2080,Beverages,https://www.sec.gov/edgar/browse/?CIK=0000077476
AMGN,Amgen,0000318154,2836,"Biological Products, (No Diagnostic Substances)",https://www.sec.gov/edgar/browse/?CIK=0000318154
TECH,Bio-Techne,0000842023,2836,"Biological Products, (No Diagnostic Substances)",https://www.sec.gov/edgar/browse/?CIK=0000842023
BIIB,Biogen,0000875045,2836,"Biological Products, (No Diagnostic Substances)",https://www.sec.gov/edgar/browse/?CIK=0000875045
GILD,Gilead Sciences,0000882095,2836,"Biological Products, (No Diagnostic Substances)",https://www.sec.gov/edgar/browse/?CIK=0000882095
MRNA,Moderna,0001682852,2836,"Biological Products, (No Diagnostic Substances)",https://www.sec.gov/edgar/browse/?CIK=0001682852
MNST,Monster Beverage,0000865752,2086,Bottled & Canned Soft Drinks & Carbonated Waters,https://www.sec.gov/edgar/browse/?CIK=0000865752
CHTR,Charter Communications,0001091667,4841,Cable & Other Pay Television Services,https://www.sec.gov/edgar/browse/?CIK=0001091667
CMCSA,Comcast,0001166691,4841,Cable & Other Pay Television Services,https://www.sec.gov/edgar/browse/?CIK=0001166691
WBD,Warner Bros. Discovery,0001437107,4841,Cable & Other Pay Television Services,https://www.sec.gov/edgar/browse/?CIK=0001437107
KHC,Kraft Heinz,0001637459,2030,"Canned, Frozen & Preservd Fruit, Veg & Food Specialties",https://www.sec.gov/edgar/browse/?CIK=0001637459
LW,Lamb Weston,0001679273,2030,"Canned, Frozen & Preservd Fruit, Veg & Food Specialties",https://www.sec.gov/edgar/browse/?CIK=0001679273
SJM,J.M. Smucker Company (The),0000091419,2033,"Canned, Fruits, Veg, Preserves, Jams & Jellies",https://www.sec.gov/edgar/browse/?CIK=0000091419
MHK,Mohawk Industries,0000851968,2273,Carpets & Rugs,https://www.sec.gov/edgar/browse/?CIK=0000851968
FMC,FMC Corporation,0000037785,2800,Chemicals & Allied Products,https://www.sec.gov/edgar/browse/?CIK=0000037785
MO,Altria,0000764180,2111,Cigarettes,https://www.sec.gov/edgar/browse/?CIK=0000764180
PM,Philip Morris International,0001413329,2111,Cigarettes,https://www.sec.gov/edgar/browse/?CIK=0001413329
AES,AES Corporation,0000874761,4991,Cogeneration Services & Small Power Producers,https://www.sec.gov/edgar/browse/?CIK=0000874761
HPE,Hewlett Packard Enterprise,0001645590,3570,Computer & office Equipment,https://www.sec.gov/edgar/browse/?CIK=0001645590
HPQ,HP Inc.,0000047217,3570,Computer & office Equipment,https://www.sec.gov/edgar/browse/?CIK=0000047217
IBM,IBM,0000051143,3570,Computer & office Equipment,https://www.sec.gov/edgar/browse/?CIK=0000051143
ANET,Arista Networks,0001596532,3576,Computer Communications Equipment,https://www.sec.gov/edgar/browse/?CIK=0001596532
CSCO,Cisco,0000858877,3576,Computer Communications Equipment,https://www.sec.gov/edgar/browse/?CIK=0000858877
FFIV,"F5, Inc.",0001048695,3576,Computer Communications Equipment,https://www.sec.gov/edgar/browse/?CIK=0001048695
JNPR,Juniper Networks,0001043604,3576,Computer Communications Equipment,https://www.sec.gov/edgar/browse/?CIK=0001043604
FTNT,Fortinet,0001262039,3577,"Computer Peripheral Equipment, NEC",https://www.sec.gov/edgar/browse/?CIK=0001262039
PANW,Palo Alto Networks,0001327567,3577,"Computer Peripheral Equipment, NEC",https://www.sec.gov/edgar/browse/?CIK=0001327567
NTAP,NetApp,0001002047,3572,Computer Storage Devices,https://www.sec.gov/edgar/browse/?CIK=0001002047
STX,Seagate Technology,0001137789,3572,Computer Storage Devices,https://www.sec.gov/edgar/browse/?CIK=0001137789
WDC,Western Digital,0000106040,3572,Computer Storage Devices,https://www.sec.gov/edgar/browse/?CIK=0000106040
CAT,Caterpillar Inc.,0000018230,3531,Construction Machinery & Equip,https://www.sec.gov/edgar/browse/?CIK=0000018230
DOV,Dover Corporation,0000029905,3530,"Construction, Mining & Materials Handling Machinery & Equip",https://www.sec.gov/edgar/browse/?CIK=0000029905
AVY,Avery Dennison,0000008818,2670,Converted Paper & Paperboard Prods (No Contaners/Boxes),https://www.sec.gov/edgar/browse/?CIK=0000008818
KMB,Kimberly-Clark,0000055785,2670,Converted Paper & Paperboard Prods (No Contaners/Boxes),https://www.sec.gov/edgar/browse/?CIK=0000055785
APA,APA Corporation,0001841666,1311,Crude Petroleum & Natural Gas,https://www.sec.gov/edgar/browse/?CIK=0001841666
CTRA,Coterra,0000858470,1311,Crude Petroleum & Natural Gas,https://www.sec.gov/edgar/browse/?CIK=0000858470
DVN,Devon Energy,0001090012,1311,Crude Petroleum & Natural Gas,https://www.sec.gov/edgar/browse/?CIK=0001090012
FANG,Diamondback Energy,0001539838,1311,Crude Petroleum & Natural Gas,https://www.sec.gov/edgar/browse/?CIK=0001539838
EOG,EOG Resources,0000821189,1311,Crude Petroleum & Natural Gas,https://www.sec.gov/edgar/browse/?CIK=0000821189
EQT,EQT Corporation,0000033213,1311,Crude Petroleum & Natural Gas,https://www.sec.gov/edgar/browse/?CIK=0000033213
OXY,Occidental Petroleum,0000797468,1311,Crude Petroleum & Natural Gas,https://www.sec.gov/edgar/browse/?CIK=0000797468
SNA,Snap-on,0000091440,3420,"Cutlery, Handtools & General Hardware",https://www.sec.gov/edgar/browse/?CIK=0000091440
SWK,Stanley Black & Decker,0000093556,3420,"Cutlery, Handtools & General Hardware",https://www.sec.gov/edgar/browse/?CIK=0000093556
GLW,Corning Inc.,0000024741,3357,Drawing & Insulating of  Nonferrous Wire,https://www.sec.gov/edgar/browse/?CIK=0000024741
LNT,Alliant Energy,0000352541,4931,Electric & Other Services Combined,https://www.sec.gov/edgar/browse/?CIK=0000352541
AEE,Ameren,0001002910,4931,Electric & Other Services Combined,https://www.sec.gov/edgar/browse/?CIK=0001002910
CMS,CMS Energy,0000811156,4931,Electric & Other Services Combined,https://www.sec.gov/edgar/browse/?CIK=0000811156
ED,Consolidated Edison,0001047862,4931,Electric & Other Services Combined,https://www.sec.gov/edgar/browse/?CIK=0001047862
DUK,Duke Energy,0001326160,4931,Electric & Other Services Combined,https://www.sec.gov/edgar/browse/?CIK=0001326160
EVRG,Evergy,0001711269,4931,Electric & Other Services Combined,https://www.sec.gov/edgar/browse/?CIK=0001711269
EXC,Exelon,0001109357,4931,Electric & Other Services Combined,https://www.sec.gov/edgar/browse/?CIK=0001109357
NI,NiSource,0001111711,4931,Electric & Other Services Combined,https://www.sec.gov/edgar/browse/?CIK=0001111711
PCG,PG&E Corporation,0001004980,4931,Electric & Other Services Combined,https://www.sec.gov/edgar/browse/?CIK=0001004980
PEG,Public Service Enterprise Group,0000788784,4931,Electric & Other Services Combined,https://www.sec.gov/edgar/browse/?CIK=0000788784
WEC,WEC Energy Group,0000783325,4931,Electric & Other Services Combined,https://www.sec.gov/edgar/browse/?CIK=0000783325
XEL,Xcel Energy,0000072903,4931,Electric & Other Services Combined,https://www.sec.gov/edgar/browse/?CIK=0000072903
AEP,American Electric Power,0000004904,4911,Electric Services,https://www.sec.gov/edgar/browse/?CIK=0000004904
CNP,CenterPoint Energy,0001130310,4911,Electric Services,https://www.sec.gov/edgar/browse/?CIK=0001130310
CEG,Constellation Energy,0001868275,4911,Electric Services,https://www.sec.gov/edgar/browse/?CIK=0001868275
D,Dominion Energy,0000715957,4911,Electric Services,https://www.sec.gov/edgar/browse/?CIK=0000715957
DTE,DTE Energy,0000936340,4911,Electric Services,https://www.sec.gov/edgar/browse/?CIK=0000936340
EIX,Edison International,0000827052,4911,Electric Services,https://www.sec.gov/edgar/browse/?CIK=0000827052
ETR,Entergy,0000065984,4911,Electric Services,https://www.sec.gov/edgar/browse/?CIK=0000065984
ES,Eversource Energy,0000072741,4911,Electric Services,https://www.sec.gov/edgar/browse/?CIK=0000072741
FE,FirstEnergy,0001031296,4911,Electric Services,https://www.sec.gov/edgar/browse/?CIK=0001031296
NEE,NextEra Energy,0000753308,4911,Electric Services,https://www.sec.gov/edgar/browse/?CIK=0000753308
NRG,NRG Energy,0001013871,4911,Electric Services,https://www.sec.gov/edgar/browse/?CIK=0001013871
PNW,Pinnacle West,0000764622,4911,Electric Services,https://www.sec.gov/edgar/browse/?CIK=0000764622
PPL,PPL Corporation,0000922224,4911,Electric Services,https://www.sec.gov/edgar/browse/?CIK=0000922224
SO,Southern Company,0000092122,4911,Electric Services,https://www.sec.gov/edgar/browse/?CIK=0000092122
VST,Vistra Corp.,0001692819,4911,Electric Services,https://www.sec.gov/edgar/browse/?CIK=0001692819
PWR,Quanta Services,0001050915,1731,Electrical Work,https://www.sec.gov/edgar/browse/?CIK=0001050915
MDT,Medtronic,0001613103,3845,Electromedical & Electrotherapeutic Apparatus,https://www.sec.gov/edgar/browse/?CIK=0001613103
EMR,Emerson Electric,0000032604,3600,Electronic & Other Electrical Equipment (No Computer Equip),https://www.sec.gov/edgar/browse/?CIK=0000032604
GE,GE Aerospace,0000040545,3600,Electronic & Other Electrical Equipment (No Computer Equip),https://www.sec.gov/edgar/browse/?CIK=0000040545
GEV,GE Vernova,0001996810,3600,Electronic & Other Electrical Equipment (No Computer Equip),https://www.sec.gov/edgar/browse/?CIK=0001996810
OTIS,Otis Worldwide,0001781335,3600,Electronic & Other Electrical Equipment (No Computer Equip),https://www.sec.gov/edgar/browse/?CIK=0001781335
HUBB,Hubbell Incorporated,0000048898,3670,Electronic Components & Accessories,https://www.sec.gov/edgar/browse/?CIK=0000048898
AAPL,Apple Inc.,0000320193,3571,Electronic Computers,https://www.sec.gov/edgar/browse/?CIK=0000320193
DELL,Dell Technologies,0001571996,3571,Electronic Computers,https://www.sec.gov/edgar/browse/?CIK=0001571996
SMCI,Supermicro,0001375365,3571,Electronic Computers,https://www.sec.gov/edgar/browse/?CIK=0001375365
APH,Amphenol,0000820313,3678,Electronic Connectors,https://www.sec.gov/edgar/browse/?CIK=0000820313
CMI,Cummins,0000026172,3510,Engines & Turbines,https://www.sec.gov/edgar/browse/?CIK=0000026172
DE,Deere & Company,0000315189,3523,Farm Machinery & Equipment,https://www.sec.gov/edgar/browse/?CIK=0000315189
ADM,Archer Daniels Midland,0000007084,2070,Fats & Oils,https://www.sec.gov/edgar/browse/?CIK=0000007084
BG,Bunge Global,0001996862,2070,Fats & Oils,https://www.sec.gov/edgar/browse/?CIK=0001996862
AXP,American Express,0000004962,6199,Finance Services,https://www.sec.gov/edgar/browse/?CIK=0000004962
SYF,Synchrony Financial,0001601712,6199,Finance Services,https://www.sec.gov/edgar/browse/?CIK=0001601712
ALL,Allstate,0000899051,6331,"Fire, Marine & Casualty Insurance",https://www.sec.gov/edgar/browse/?CIK=0000899051
AIG,American International Group,0000005272,6331,"Fire, Marine & Casualty Insurance",https://www.sec.gov/edgar/browse/?CIK=0000005272
ACGL,Arch Capital Group,0000947484,6331,"Fire, Marine & Casualty Insurance",https://www.sec.gov/edgar/browse/?CIK=0000947484
CB,Chubb Limited,0000896159,6331,"Fire, Marine & Casualty Insurance",https://www.sec.gov/edgar/browse/?CIK=0000896159
CINF,Cincinnati Financial,0000020286,6331,"Fire, Marine & Casualty Insurance",https://www.sec.gov/edgar/browse/?CIK=0000020286
EG,Everest Group,0001095073,6331,"Fire, Marine & Casualty Insurance",https://www.sec.gov/edgar/browse/?CIK=0001095073
HIG,Hartford (The),0000874766,6331,"Fire, Marine & Casualty Insurance",https://www.sec.gov/edgar/browse/?CIK=0000874766
L,Loews Corporation,0000060086,6331,"Fire, Marine & Casualty Insurance",https://www.sec.gov/edgar/browse/?CIK=0000060086
PGR,Progressive Corporation,0000080661,6331,"Fire, Marine & Casualty Insurance",https://www.sec.gov/edgar/browse/?CIK=0000080661
TRV,Travelers Companies (The),0000086312,6331,"Fire, Marine & Casualty Insurance",https://www.sec.gov/edgar/browse/?CIK=0000086312
WRB,W. R. Berkley Corporation,0000011544,6331,"Fire, Marine & Casualty Insurance",https://www.sec.gov/edgar/browse/?CIK=0000011544
CPB,Campbell Soup Company,0000016732,2000,Food and Kindred Products,https://www.sec.gov/edgar/browse/?CIK=0000016732
CAG,Conagra Brands,0000023217,2000,Food and Kindred Products,https://www.sec.gov/edgar/browse/?CIK=0000023217
MDLZ,Mondelez International,0001103982,2000,Food and Kindred Products,https://www.sec.gov/edgar/browse/?CIK=0001103982
HAS,Hasbro,0000046080,3944,"Games, Toys & Children's Vehicles (No Dolls & Bicycles)",https://www.sec.gov/edgar/browse/?CIK=0000046080
SRE,Sempra,0001032208,4932,Gas & Other Services Combined,https://www.sec.gov/edgar/browse/?CIK=0001032208
LEN,Lennar,0000920760,1520,General Bldg Contractors - Residential Bldgs,https://www.sec.gov/edgar/browse/?CIK=0000920760
ITW,Illinois Tool Works,0000049826,3560,General Industrial Machinery & Equipment,https://www.sec.gov/edgar/browse/?CIK=0000049826
IR,Ingersoll Rand,0001699150,3560,General Industrial Machinery & Equipment,https://www.sec.gov/edgar/browse/?CIK=0001699150
ZBRA,Zebra Technologies,0000877212,3560,General Industrial Machinery & Equipment,https://www.sec.gov/edgar/browse/?CIK=0000877212
NDSN,Nordson Corporation,0000072331,3569,"General Industrial Machinery & Equipment, NEC",https://www.sec.gov/edgar/browse/?CIK=0000072331
NEM,Newmont,0001164727,1040,Gold and Silver Ores,https://www.sec.gov/edgar/browse/?CIK=0001164727
GIS,General Mills,0000040704,2040,Grain Mill Products,https://www.sec.gov/edgar/browse/?CIK=0000040704
K,Kellanova,0000055067,2040,Grain Mill Products,https://www.sec.gov/edgar/browse/?CIK=0000055067
LMT,Lockheed Martin,0000936468,3760,Guided Missiles & Space Vehicles & Parts,https://www.sec.gov/edgar/browse/?CIK=0000936468
MAS,Masco,0000062996,3430,"Heating Equip, Except Elec & Warm Air; & Plumbing Fixtures",https://www.sec.gov/edgar/browse/?CIK=0000062996
J,Jacobs Solutions,0000052988,1600,Heavy Construction Other Than Bldg Const - Contractors,https://www.sec.gov/edgar/browse/?CIK=0000052988
CNC,Centene Corporation,0001071739,6324,Hospital & Medical Service Plans,https://www.sec.gov/edgar/browse/?CIK=0001071739
CI,Cigna,0001739940,6324,Hospital & Medical Service Plans,https://www.sec.gov/edgar/browse/?CIK=0001739940
ELV,Elevance Health,0001156039,6324,Hospital & Medical Service Plans,https://www.sec.gov/edgar/browse/?CIK=0001156039
HUM,Humana,0000049071,6324,Hospital & Medical Service Plans,https://www.sec.gov/edgar/browse/?CIK=0000049071
MOH,Molina Healthcare,0001179929,6324,Hospital & Medical Service Plans,https://www.sec.gov/edgar/browse/?CIK=0001179929
UNH,UnitedHealth Group,0000731766,6324,Hospital & Medical Service Plans,https://www.sec.gov/edgar/browse/?CIK=0000731766
CZR,Caesars Entertainment,0001590895,7011,Hotels & Motels,https://www.sec.gov/edgar/browse/?CIK=0001590895
HLT,Hilton Worldwide,0001585689,7011,Hotels & Motels,https://www.sec.gov/edgar/browse/?CIK=0001585689
LVS,Las Vegas Sands,0001300514,7011,Hotels & Motels,https://www.sec.gov/edgar/browse/?CIK=0001300514
MAR,Marriott International,0001048286,7011,Hotels & Motels,https://www.sec.gov/edgar/browse/?CIK=0001048286
MGM,MGM Resorts,0000789570,7011,Hotels & Motels,https://www.sec.gov/edgar/browse/?CIK=0000789570
WYNN,Wynn Resorts,0001174922,7011,Hotels & Motels,https://www.sec.gov/edgar/browse/?CIK=0001174922
AOS,A. O. Smith,0000091142,3630,Household Appliances,https://www.sec.gov/edgar/browse/?CIK=0000091142
IDXX,Idexx Laboratories,0000874716,2835,In Vitro & In Vivo Diagnostic Substances,https://www.sec.gov/edgar/browse/?CIK=0000874716
APD,Air Products,0000002969,2810,Industrial Inorganic Chemicals,https://www.sec.gov/edgar/browse/?CIK=0000002969
LIN,Linde plc,0001707925,2810,Industrial Inorganic Chemicals,https://www.sec.gov/edgar/browse/?CIK=0001707925
AME,Ametek,0001037868,3823,"Industrial Instruments For Measurement, Display, and Control",https://www.sec.gov/edgar/browse/?CIK=0001037868
DHR,Danaher Corporation,0000313616,3823,"Industrial Instruments For Measurement, Display, and Control",https://www.sec.gov/edgar/browse/?CIK=0000313616
FTV,Fortive,0001659166,3823,"Industrial Instruments For Measurement, Display, and Control",https://www.sec.gov/edgar/browse/?CIK=0001659166
KEYS,Keysight Technologies,0001601046,3823,"Industrial Instruments For Measurement, Display, and Control",https://www.sec.gov/edgar/browse/?CIK=0001601046
ROP,Roper Technologies,0000882835,3823,"Industrial Instruments For Measurement, Display, and Control",https://www.sec.gov/edgar/browse/?CIK=0000882835
IFF,International Flavors & Fragrances,0000051253,2860,Industrial Organic Chemicals,https://www.sec.gov/edgar/browse/?CIK=0000051253
LYB,LyondellBasell,0001489393,2860,Industrial Organic Chemicals,https://www.sec.gov/edgar/browse/?CIK=0001489393
TER,Teradyne,0000097210,3825,Instruments For Meas & Testing of  Electricity & Elec Signals,https://www.sec.gov/edgar/browse/?CIK=0000097210
VLTO,Veralto,0001967680,3825,Instruments For Meas & Testing of  Electricity & Elec Signals,https://www.sec.gov/edgar/browse/?CIK=0001967680
AON,Aon,0000315293,6411,"Insurance Agents, Brokers & Service",https://www.sec.gov/edgar/browse/?CIK=0000315293
AJG,Arthur J. Gallagher & Co.,0000354190,6411,"Insurance Agents, Brokers & Service",https://www.sec.gov/edgar/browse/?CIK=0000354190
BRO,Brown & Brown,0000079282,6411,"Insurance Agents, Brokers & Service",https://www.sec.gov/edgar/browse/?CIK=0000079282
ERIE,Erie Indemnity,0000922621,6411,"Insurance Agents, Brokers & Service",https://www.sec.gov/edgar/browse/?CIK=0000922621
MMC,Marsh McLennan,0000062709,6411,"Insurance Agents, Brokers & Service",https://www.sec.gov/edgar/browse/?CIK=0000062709
WTW,Willis Towers Watson,0001140536,6411,"Insurance Agents, Brokers & Service",https://www.sec.gov/edgar/browse/?CIK=0001140536
AIZ,Assurant,0001267238,6399,"Insurance Carriers, NEC",https://www.sec.gov/edgar/browse/?CIK=0001267238
AMP,Ameriprise Financial,0000820027,6282,Investment Advice,https://www.sec.gov/edgar/browse/?CIK=0000820027
APO,Apollo Global Management,0001858681,6282,Investment Advice,https://www.sec.gov/edgar/browse/?CIK=0001858681
BX,Blackstone Inc.,0001393818,6282,Investment Advice,https://www.sec.gov/edgar/browse/?CIK=0001393818
BEN,Franklin Resources,0000038777,6282,Investment Advice,https://www.sec.gov/edgar/browse/?CIK=0000038777
IVZ,Invesco,0000914208,6282,Investment Advice,https://www.sec.gov/edgar/browse/?CIK=0000914208
KKR,KKR,0001404912,6282,Investment Advice,https://www.sec.gov/edgar/browse/?CIK=0001404912
TROW,T. Rowe Price,0001113169,6282,Investment Advice,https://www.sec.gov/edgar/browse/?CIK=0001113169
A,Agilent Technologies,0001090872,3826,Laboratory Analytical Instruments,https://www.sec.gov/edgar/browse/?CIK=0001090872
MTD,Mettler Toledo,0001037646,3826,Laboratory Analytical Instruments,https://www.sec.gov/edgar/browse/?CIK=0001037646
RVTY,Revvity,0000031791,3826,Laboratory Analytical Instruments,https://www.sec.gov/edgar/browse/?CIK=0000031791
WAT,Waters Corporation,0001000697,3826,Laboratory Analytical Instruments,https://www.sec.gov/edgar/browse/?CIK=0001000697
TPR,"Tapestry, Inc.",0001116132,3100,Leather & Leather Products,https://www.sec.gov/edgar/browse/?CIK=0001116132
GL,Globe Life,0000320335,6311,Life Insurance,https://www.sec.gov/edgar/browse/?CIK=0000320335
MET,MetLife,0001099219,6311,Life Insurance,https://www.sec.gov/edgar/browse/?CIK=0001099219
PRU,Prudential Financial,0001137774,6311,Life Insurance,https://www.sec.gov/edgar/browse/?CIK=0001137774
TAP,Molson Coors Beverage Company,0000024545,2082,Malt Beverages,https://www.sec.gov/edgar/browse/?CIK=0000024545
ROK,Rockwell Automation,0001024478,3829,"Measuring & Controlling Devices, NEC",https://www.sec.gov/edgar/browse/?CIK=0001024478
TMO,Thermo Fisher Scientific,0000097745,3829,"Measuring & Controlling Devices, NEC",https://www.sec.gov/edgar/browse/?CIK=0000097745
TRMB,Trimble Inc.,0000864749,3829,"Measuring & Controlling Devices, NEC",https://www.sec.gov/edgar/browse/?CIK=0000864749
HRL,Hormel Foods,0000048465,2011,Meat Packing Plants,https://www.sec.gov/edgar/browse/?CIK=0000048465
CTAS,Cintas,0000723254,2320,"Men's & Boys' Furnishgs, Work Clothg, & Allied Garments",https://www.sec.gov/edgar/browse/?CIK=0000723254
RL,Ralph Lauren Corporation,0001037038,2320,"Men's & Boys' Furnishgs, Work Clothg, & Allied Garments",https://www.sec.gov/edgar/browse/?CIK=0001037038
BALL,Ball Corporation,0000009389,3411,Metal Cans,https://www.sec.gov/edgar/browse/?CIK=0000009389
FCX,Freeport-McMoRan,0000831259,1000,Metal Mining,https://www.sec.gov/edgar/browse/?CIK=0000831259
MLM,Martin Marietta Materials,0000916076,1400,Mining & Quarrying of  Nonmetallic Minerals (No Fuels),https://www.sec.gov/edgar/browse/?CIK=0000916076
VMC,Vulcan Materials Company,0001396009,1400,Mining & Quarrying of  Nonmetallic Minerals (No Fuels),https://www.sec.gov/edgar/browse/?CIK=0001396009
ETN,Eaton Corporation,0001551182,3590,Misc Industrial & Commercial Machinery & Equipment,https://www.sec.gov/edgar/browse/?CIK=0001551182
PH,Parker Hannifin,0000076334,3490,Miscellaneous Fabricated Metal Products,https://www.sec.gov/edgar/browse/?CIK=0000076334
MKC,McCormick & Company,0000063754,2090,Miscellaneous Food Preparations & Kindred Products,https://www.sec.gov/edgar/browse/?CIK=0000063754
AMCR,Amcor,0001748790,3990,Miscellaneous Manufacturing Industries,https://www.sec.gov/edgar/browse/?CIK=0001748790
APTV,Aptiv,0001521332,3714,Motor Vehicle Parts & Accessories,https://www.sec.gov/edgar/browse/?CIK=0001521332
BWA,BorgWarner,0000908255,3714,Motor Vehicle Parts & Accessories,https://www.sec.gov/edgar/browse/?CIK=0000908255
F,Ford Motor Company,0000037996,3711,Motor Vehicles & Passenger Car Bodies,https://www.sec.gov/edgar/browse/?CIK=0000037996
GM,General Motors,0001467858,3711,Motor Vehicles & Passenger Car Bodies,https://www.sec.gov/edgar/browse/?CIK=0001467858
PCAR,Paccar,0000075362,3711,Motor Vehicles & Passenger Car Bodies,https://www.sec.gov/edgar/browse/?CIK=0000075362
TSLA,"Tesla, Inc.",0001318605,3711,Motor Vehicles & Passenger Car Bodies,https://www.sec.gov/edgar/browse/?CIK=0001318605
GNRC,Generac,0001474735,3621,Motors & Generators,https://www.sec.gov/edgar/browse/?CIK=0001474735
BAC,Bank of America,0000070858,6021,National Commercial Banks,https://www.sec.gov/edgar/browse/?CIK=0000070858
COF,Capital One,0000927628,6021,National Commercial Banks,https://www.sec.gov/edgar/browse/?CIK=0000927628
C,Citigroup,0000831001,6021,National Commercial Banks,https://www.sec.gov/edgar/browse/?CIK=0000831001
HBAN,Huntington Bancshares,0000049196,6021,National Commercial Banks,https://www.sec.gov/edgar/browse/?CIK=0000049196
JPM,JPMorgan Chase,0000019617,6021,National Commercial Banks,https://www.sec.gov/edgar/browse/?CIK=0000019617
KEY,KeyCorp,0000091576,6021,National Commercial Banks,https://www.sec.gov/edgar/browse/?CIK=0000091576
PNC,PNC Financial Services,0000713676,6021,National Commercial Banks,https://www.sec.gov/edgar/browse/?CIK=0000713676
RF,Regions Financial Corporation,0001281761,6021,National Commercial Banks,https://www.sec.gov/edgar/browse/?CIK=0001281761
TFC,Truist Financial,0000092230,6021,National Commercial Banks,https://www.sec.gov/edgar/browse/?CIK=0000092230
USB,U.S. Bancorp,0000036104,6021,National Commercial Banks,https://www.sec.gov/edgar/browse/?CIK=0000036104
WFC,Wells Fargo,0000072971,6021,National Commercial Banks,https://www.sec.gov/edgar/browse/?CIK=0000072971
ATO,Atmos Energy,0000731802,4924,Natural Gas Distribution,https://www.sec.gov/edgar/browse/?CIK=0000731802
OKE,ONEOK,0001039684,4923,Natural Gas Transmisison & Distribution,https://www.sec.gov/edgar/browse/?CIK=0001039684
KMI,Kinder Morgan,0001506307,4922,Natural Gas Transmission,https://www.sec.gov/edgar/browse/?CIK=0001506307
TRGP,Targa Resources,0001389170,4922,Natural Gas Transmission,https://www.sec.gov/edgar/browse/?CIK=0001389170
WMB,Williams Companies,0000107263,4922,Natural Gas Transmission,https://www.sec.gov/edgar/browse/?CIK=0000107263
NWSA,News Corp (Class A),0001564708,2711,Newspapers: Publishing or  Publishing & Printing,https://www.sec.gov/edgar/browse/?CIK=0001564708
NWS,News Corp (Class B),0001564708,2711,Newspapers: Publishing or  Publishing & Printing,https://www.sec.gov/edgar/browse/?CIK=0001564708
BKR,Baker Hughes,0001701605,3533,Oil & Gas Field Machinery & Equipment,https://www.sec.gov/edgar/browse/?CIK=0001701605
HAL,Halliburton,0000045012,1389,"Oil & Gas Field Services, NEC",https://www.sec.gov/edgar/browse/?CIK=0000045012
SLB,Schlumberger,0000087347,1389,"Oil & Gas Field Services, NEC",https://www.sec.gov/edgar/browse/?CIK=0000087347
TPL,Texas Pacific Land Corporation,0001811074,6792,Oil Royalty Traders,https://www.sec.gov/edgar/browse/?CIK=0001811074
DHI,D. R. Horton,0000882184,1531,Operative Builders,https://www.sec.gov/edgar/browse/?CIK=0000882184
NVR,"NVR, Inc.",0000906163,1531,Operative Builders,https://www.sec.gov/edgar/browse/?CIK=0000906163
PHM,PulteGroup,0000822416,1531,Operative Builders,https://www.sec.gov/edgar/browse/?CIK=0000822416
COO,Cooper Companies (The),0000711404,3851,Ophthalmic Goods,https://www.sec.gov/edgar/browse/?CIK=0000711404
KLAC,KLA Corporation,0000319201,3827,Optical Instruments & Lenses,https://www.sec.gov/edgar/browse/?CIK=0000319201
AXON,Axon Enterprise,0001069183,3480,"Ordnance & Accessories, (No Vehicles/Guided Missiles)",https://www.sec.gov/edgar/browse/?CIK=0001069183
ALGN,Align Technology,0001097149,3842,"Orthopedic, Prosthetic & Surgical Appliances & Supplies",https://www.sec.gov/edgar/browse/?CIK=0001097149
EW,Edwards Lifesciences,0001099800,3842,"Orthopedic, Prosthetic & Surgical Appliances & Supplies",https://www.sec.gov/edgar/browse/?CIK=0001099800
ISRG,Intuitive Surgical,0001035267,3842,"Orthopedic, Prosthetic & Surgical Appliances & Supplies",https://www.sec.gov/edgar/browse/?CIK=0001035267
STE,Steris,0001757898,3842,"Orthopedic, Prosthetic & Surgical Appliances & Supplies",https://www.sec.gov/edgar/browse/?CIK=0001757898
ZBH,Zimmer Biomet,0001136869,3842,"Orthopedic, Prosthetic & Surgical Appliances & Supplies",https://www.sec.gov/edgar/browse/?CIK=0001136869
PPG,PPG Industries,0000079879,2851,"Paints, Varnishes, Lacquers, Enamels & Allied Prods",https://www.sec.gov/edgar/browse/?CIK=0000079879
IP,International Paper,0000051434,2621,Paper Mills,https://www.sec.gov/edgar/browse/?CIK=0000051434
PKG,Packaging Corporation of America,0000075677,2650,Paperboard Containers & Boxes,https://www.sec.gov/edgar/browse/?CIK=0000075677
SW,Smurfit WestRock,0002005951,2650,Paperboard Containers & Boxes,https://www.sec.gov/edgar/browse/?CIK=0002005951
CL,Colgate-Palmolive,0000021665,2844,"Perfumes, Cosmetics & Other Toilet Preparations",https://www.sec.gov/edgar/browse/?CIK=0000021665
EL,Est√©e Lauder Companies (The),0001001250,2844,"Perfumes, Cosmetics & Other Toilet Preparations",https://www.sec.gov/edgar/browse/?CIK=0001001250
KVUE,Kenvue,0001944048,2844,"Perfumes, Cosmetics & Other Toilet Preparations",https://www.sec.gov/edgar/browse/?CIK=0001944048
DFS,Discover Financial,0001393612,6141,Personal Credit Institutions,https://www.sec.gov/edgar/browse/?CIK=0001393612
CVX,Chevron Corporation,0000093410,2911,Petroleum Refining,https://www.sec.gov/edgar/browse/?CIK=0000093410
COP,ConocoPhillips,0001163165,2911,Petroleum Refining,https://www.sec.gov/edgar/browse/?CIK=0001163165
XOM,ExxonMobil,0000034088,2911,Petroleum Refining,https://www.sec.gov/edgar/browse/?CIK=0000034088
HES,Hess Corporation,0000004447,2911,Petroleum Refining,https://www.sec.gov/edgar/browse/?CIK=0000004447
MPC,Marathon Petroleum,0001510295,2911,Petroleum Refining,https://www.sec.gov/edgar/browse/?CIK=0001510295
PSX,Phillips 66,0001534701,2911,Petroleum Refining,https://www.sec.gov/edgar/browse/?CIK=0001534701
VLO,Valero Energy,0001035002,2911,Petroleum Refining,https://www.sec.gov/edgar/browse/?CIK=0001035002
ABT,Abbott Laboratories,0000001800,2834,Pharmaceutical Preparations,https://www.sec.gov/edgar/browse/?CIK=0000001800
ABBV,AbbVie,0001551152,2834,Pharmaceutical Preparations,https://www.sec.gov/edgar/browse/?CIK=0001551152
BMY,Bristol Myers Squibb,0000014272,2834,Pharmaceutical Preparations,https://www.sec.gov/edgar/browse/?CIK=0000014272
JNJ,Johnson & Johnson,0000200406,2834,Pharmaceutical Preparations,https://www.sec.gov/edgar/browse/?CIK=0000200406
LLY,Lilly (Eli),0000059478,2834,Pharmaceutical Preparations,https://www.sec.gov/edgar/browse/?CIK=0000059478
MRK,Merck & Co.,0000310158,2834,Pharmaceutical Preparations,https://www.sec.gov/edgar/browse/?CIK=0000310158
PFE,Pfizer,0000078003,2834,Pharmaceutical Preparations,https://www.sec.gov/edgar/browse/?CIK=0000078003
REGN,Regeneron Pharmaceuticals,0000872589,2834,Pharmaceutical Preparations,https://www.sec.gov/edgar/browse/?CIK=0000872589
VRTX,Vertex Pharmaceuticals,0000875320,2834,Pharmaceutical Preparations,https://www.sec.gov/edgar/browse/?CIK=0000875320
VTRS,Viatris,0001792044,2834,Pharmaceutical Preparations,https://www.sec.gov/edgar/browse/?CIK=0001792044
ZTS,Zoetis,0001555280,2834,Pharmaceutical Preparations,https://www.sec.gov/edgar/browse/?CIK=0001555280
CE,Celanese,0001306830,2820,"Plastic Material, Synth Resin/Rubber, Cellulos (No Glass)",https://www.sec.gov/edgar/browse/?CIK=0001306830
ALB,Albemarle Corporation,0000915913,2821,"Plastic Materials, Synth Resins & Nonvulcan Elastomers",https://www.sec.gov/edgar/browse/?CIK=0000915913
DOW,Dow Inc.,0001751788,2821,"Plastic Materials, Synth Resins & Nonvulcan Elastomers",https://www.sec.gov/edgar/browse/?CIK=0001751788
DD,DuPont,0001666700,2821,"Plastic Materials, Synth Resins & Nonvulcan Elastomers",https://www.sec.gov/edgar/browse/?CIK=0001666700
EMN,Eastman Chemical Company,0000915389,2821,"Plastic Materials, Synth Resins & Nonvulcan Elastomers",https://www.sec.gov/edgar/browse/?CIK=0000915389
TSN,Tyson Foods,0000100493,2015,Poultry Slaughtering and Processing,https://www.sec.gov/edgar/browse/?CIK=0000100493
JBL,Jabil,0000898293,3672,Printed Circuit Boards,https://www.sec.gov/edgar/browse/?CIK=0000898293
IEX,IDEX Corporation,0000832101,3561,Pumps & Pumping Equipment,https://www.sec.gov/edgar/browse/?CIK=0000832101
XYL,Xylem Inc.,0001524472,3561,Pumps & Pumping Equipment,https://www.sec.gov/edgar/browse/?CIK=0001524472
MSI,Motorola Solutions,0000068505,3663,Radio & Tv Broadcasting & Communications Equipment,https://www.sec.gov/edgar/browse/?CIK=0000068505
QCOM,Qualcomm,0000804328,3663,Radio & Tv Broadcasting & Communications Equipment,https://www.sec.gov/edgar/browse/?CIK=0000804328
TMUS,T-Mobile US,0001283699,4812,Radiotelephone Communications,https://www.sec.gov/edgar/browse/?CIK=0001283699
WAB,Wabtec,0000943452,3743,Railroad Equipment,https://www.sec.gov/edgar/browse/?CIK=0000943452
CSX,CSX Corporation,0000277948,4011,"Railroads, Line-Haul Operating",https://www.sec.gov/edgar/browse/?CIK=0000277948
NSC,Norfolk Southern Railway,0000702165,4011,"Railroads, Line-Haul Operating",https://www.sec.gov/edgar/browse/?CIK=0000702165
UNP,Union Pacific Corporation,0000100885,4011,"Railroads, Line-Haul Operating",https://www.sec.gov/edgar/browse/?CIK=0000100885
CBRE,CBRE Group,0001138118,6500,Real Estate,https://www.sec.gov/edgar/browse/?CIK=0001138118
ARE,Alexandria Real Estate Equities,0001035443,6798,Real Estate Investment Trusts,https://www.sec.gov/edgar/browse/?CIK=0001035443
AMT,American Tower,0001053507,6798,Real Estate Investment Trusts,https://www.sec.gov/edgar/browse/?CIK=0001053507
AVB,AvalonBay Communities,0000915912,6798,Real Estate Investment Trusts,https://www.sec.gov/edgar/browse/?CIK=0000915912
BXP,"BXP, Inc.",0001037540,6798,Real Estate Investment Trusts,https://www.sec.gov/edgar/browse/?CIK=0001037540
CPT,Camden Property Trust,0000906345,6798,Real Estate Investment Trusts,https://www.sec.gov/edgar/browse/?CIK=0000906345
CCI,Crown Castle,0001051470,6798,Real Estate Investment Trusts,https://www.sec.gov/edgar/browse/?CIK=0001051470
DLR,Digital Realty,0001297996,6798,Real Estate Investment Trusts,https://www.sec.gov/edgar/browse/?CIK=0001297996
EQIX,Equinix,0001101239,6798,Real Estate Investment Trusts,https://www.sec.gov/edgar/browse/?CIK=0001101239
EQR,Equity Residential,0000906107,6798,Real Estate Investment Trusts,https://www.sec.gov/edgar/browse/?CIK=0000906107
ESS,Essex Property Trust,0000920522,6798,Real Estate Investment Trusts,https://www.sec.gov/edgar/browse/?CIK=0000920522
EXR,Extra Space Storage,0001289490,6798,Real Estate Investment Trusts,https://www.sec.gov/edgar/browse/?CIK=0001289490
FRT,Federal Realty Investment Trust,0000034903,6798,Real Estate Investment Trusts,https://www.sec.gov/edgar/browse/?CIK=0000034903
DOC,Healthpeak Properties,0000765880,6798,Real Estate Investment Trusts,https://www.sec.gov/edgar/browse/?CIK=0000765880
HST,Host Hotels & Resorts,0001070750,6798,Real Estate Investment Trusts,https://www.sec.gov/edgar/browse/?CIK=0001070750
IRM,Iron Mountain,0001020569,6798,Real Estate Investment Trusts,https://www.sec.gov/edgar/browse/?CIK=0001020569
KIM,Kimco Realty,0000879101,6798,Real Estate Investment Trusts,https://www.sec.gov/edgar/browse/?CIK=0000879101
MAA,Mid-America Apartment Communities,0000912595,6798,Real Estate Investment Trusts,https://www.sec.gov/edgar/browse/?CIK=0000912595
PLD,Prologis,0001045609,6798,Real Estate Investment Trusts,https://www.sec.gov/edgar/browse/?CIK=0001045609
PSA,Public Storage,0001393311,6798,Real Estate Investment Trusts,https://www.sec.gov/edgar/browse/?CIK=0001393311
O,Realty Income,0000726728,6798,Real Estate Investment Trusts,https://www.sec.gov/edgar/browse/?CIK=0000726728
REG,Regency Centers,0000910606,6798,Real Estate Investment Trusts,https://www.sec.gov/edgar/browse/?CIK=0000910606
SBAC,SBA Communications,0001034054,6798,Real Estate Investment Trusts,https://www.sec.gov/edgar/browse/?CIK=0001034054
SPG,Simon Property Group,0001063761,6798,Real Estate Investment Trusts,https://www.sec.gov/edgar/browse/?CIK=0001063761
UDR,"UDR, Inc.",0000074208,6798,Real Estate Investment Trusts,https://www.sec.gov/edgar/browse/?CIK=0000074208
VTR,Ventas,0000740260,6798,Real Estate Investment Trusts,https://www.sec.gov/edgar/browse/?CIK=0000740260
VICI,Vici Properties,0001705696,6798,Real Estate Investment Trusts,https://www.sec.gov/edgar/browse/?CIK=0001705696
WELL,Welltower,0000766704,6798,Real Estate Investment Trusts,https://www.sec.gov/edgar/browse/?CIK=0000766704
WY,Weyerhaeuser,0000106535,6798,Real Estate Investment Trusts,https://www.sec.gov/edgar/browse/?CIK=0000106535
INVH,Invitation Homes,0001687229,6510,Real Estate Operators (No Developers) & Lessors,https://www.sec.gov/edgar/browse/?CIK=0001687229
RSG,Republic Services,0001060391,4953,Refuse Systems,https://www.sec.gov/edgar/browse/?CIK=0001060391
WM,Waste Management,0000823768,4953,Refuse Systems,https://www.sec.gov/edgar/browse/?CIK=0000823768
AZO,AutoZone,0000866787,5531,Retail-Auto & Home Supply Stores,https://www.sec.gov/edgar/browse/?CIK=0000866787
ORLY,O'Reilly Auto Parts,0000898173,5531,Retail-Auto & Home Supply Stores,https://www.sec.gov/edgar/browse/?CIK=0000898173
KMX,CarMax,0001170010,5500,Retail-Auto Dealers & Gasoline Stations,https://www.sec.gov/edgar/browse/?CIK=0001170010
CPRT,Copart,0000900075,5500,Retail-Auto Dealers & Gasoline Stations,https://www.sec.gov/edgar/browse/?CIK=0000900075
FAST,Fastenal,0000815556,5200,"Retail-Building Materials, Hardware, Garden Supply",https://www.sec.gov/edgar/browse/?CIK=0000815556
SHW,Sherwin-Williams,0000089800,5200,"Retail-Building Materials, Hardware, Garden Supply",https://www.sec.gov/edgar/browse/?CIK=0000089800
TSCO,Tractor Supply,0000916365,5200,"Retail-Building Materials, Hardware, Garden Supply",https://www.sec.gov/edgar/browse/?CIK=0000916365
AMZN,Amazon,0001018724,5961,Retail-Catalog & Mail-Order Houses,https://www.sec.gov/edgar/browse/?CIK=0001018724
CDW,CDW,0001402057,5961,Retail-Catalog & Mail-Order Houses,https://www.sec.gov/edgar/browse/?CIK=0001402057
CVS,CVS Health,0000064803,5912,Retail-Drug Stores and Proprietary Stores,https://www.sec.gov/edgar/browse/?CIK=0000064803
WBA,Walgreens Boots Alliance,0001618921,5912,Retail-Drug Stores and Proprietary Stores,https://www.sec.gov/edgar/browse/?CIK=0001618921
CMG,Chipotle Mexican Grill,0001058090,5812,Retail-Eating  Places,https://www.sec.gov/edgar/browse/?CIK=0001058090
DRI,Darden Restaurants,0000940944,5812,Retail-Eating  Places,https://www.sec.gov/edgar/browse/?CIK=0000940944
MCD,McDonald's,0000063908,5812,Retail-Eating  Places,https://www.sec.gov/edgar/browse/?CIK=0000063908
YUM,Yum! Brands,0001041061,5812,Retail-Eating  Places,https://www.sec.gov/edgar/browse/?CIK=0001041061
SBUX,Starbucks,0000829224,5810,Retail-Eating & Drinking Places,https://www.sec.gov/edgar/browse/?CIK=0000829224
ROST,Ross Stores,0000745732,5651,Retail-Family Clothing Stores,https://www.sec.gov/edgar/browse/?CIK=0000745732
TJX,TJX Companies,0000109198,5651,Retail-Family Clothing Stores,https://www.sec.gov/edgar/browse/?CIK=0000109198
KR,Kroger,0000056873,5411,Retail-Grocery Stores,https://www.sec.gov/edgar/browse/?CIK=0000056873
BLDR,Builders FirstSource,0001316835,5211,Retail-Lumber & Other Building Materials Dealers,https://www.sec.gov/edgar/browse/?CIK=0001316835
HD,Home Depot (The),0000354950,5211,Retail-Lumber & Other Building Materials Dealers,https://www.sec.gov/edgar/browse/?CIK=0000354950
LOW,Lowe's,0000060667,5211,Retail-Lumber & Other Building Materials Dealers,https://www.sec.gov/edgar/browse/?CIK=0000060667
BBY,Best Buy,0000764478,5731,"Retail-Radio, Tv & Consumer Electronics Stores",https://www.sec.gov/edgar/browse/?CIK=0000764478
ULTA,Ulta Beauty,0001403568,5990,"Retail-Retail Stores, NEC",https://www.sec.gov/edgar/browse/?CIK=0001403568
COST,Costco,0000909832,5331,Retail-Variety Stores,https://www.sec.gov/edgar/browse/?CIK=0000909832
DG,Dollar General,0000029534,5331,Retail-Variety Stores,https://www.sec.gov/edgar/browse/?CIK=0000029534
DLTR,Dollar Tree,0000935703,5331,Retail-Variety Stores,https://www.sec.gov/edgar/browse/?CIK=0000935703
TGT,Target Corporation,0000027419,5331,Retail-Variety Stores,https://www.sec.gov/edgar/browse/?CIK=0000027419
WMT,Walmart,0000104169,5331,Retail-Variety Stores,https://www.sec.gov/edgar/browse/?CIK=0000104169
HWM,Howmet Aerospace,0000004281,3350,Rolling Drawing & Extruding of  Nonferrous Metals,https://www.sec.gov/edgar/browse/?CIK=0000004281
DECK,Deckers Brands,0000910521,3021,Rubber & Plastics Footwear,https://www.sec.gov/edgar/browse/?CIK=0000910521
NKE,"Nike, Inc.",0000320187,3021,Rubber & Plastics Footwear,https://www.sec.gov/edgar/browse/?CIK=0000320187
GRMN,Garmin,0001121788,3812,"Search, Detection, Navigation, Guidance, Aeronautical Sys",https://www.sec.gov/edgar/browse/?CIK=0001121788
LHX,L3Harris,0000202058,3812,"Search, Detection, Navigation, Guidance, Aeronautical Sys",https://www.sec.gov/edgar/browse/?CIK=0000202058
NOC,Northrop Grumman,0001133421,3812,"Search, Detection, Navigation, Guidance, Aeronautical Sys",https://www.sec.gov/edgar/browse/?CIK=0001133421
TDY,Teledyne Technologies,0001094285,3812,"Search, Detection, Navigation, Guidance, Aeronautical Sys",https://www.sec.gov/edgar/browse/?CIK=0001094285
CBOE,Cboe Global Markets,0001374310,6200,"Security & Commodity Brokers, Dealers, Exchanges & Services",https://www.sec.gov/edgar/browse/?CIK=0001374310
CME,CME Group,0001156375,6200,"Security & Commodity Brokers, Dealers, Exchanges & Services",https://www.sec.gov/edgar/browse/?CIK=0001156375
ICE,Intercontinental Exchange,0001571949,6200,"Security & Commodity Brokers, Dealers, Exchanges & Services",https://www.sec.gov/edgar/browse/?CIK=0001571949
NDAQ,"Nasdaq, Inc.",0001120193,6200,"Security & Commodity Brokers, Dealers, Exchanges & Services",https://www.sec.gov/edgar/browse/?CIK=0001120193
BLK,BlackRock,0002012383,6211,"Security Brokers, Dealers & Flotation Companies",https://www.sec.gov/edgar/browse/?CIK=0002012383
SCHW,Charles Schwab Corporation,0000316709,6211,"Security Brokers, Dealers & Flotation Companies",https://www.sec.gov/edgar/browse/?CIK=0000316709
GS,Goldman Sachs,0000886982,6211,"Security Brokers, Dealers & Flotation Companies",https://www.sec.gov/edgar/browse/?CIK=0000886982
MKTX,MarketAxess,0001278021,6211,"Security Brokers, Dealers & Flotation Companies",https://www.sec.gov/edgar/browse/?CIK=0001278021
MS,Morgan Stanley,0000895421,6211,"Security Brokers, Dealers & Flotation Companies",https://www.sec.gov/edgar/browse/?CIK=0000895421
RJF,Raymond James Financial,0000720005,6211,"Security Brokers, Dealers & Flotation Companies",https://www.sec.gov/edgar/browse/?CIK=0000720005
AMD,Advanced Micro Devices,0000002488,3674,Semiconductors & Related Devices,https://www.sec.gov/edgar/browse/?CIK=0000002488
ADI,Analog Devices,0000006281,3674,Semiconductors & Related Devices,https://www.sec.gov/edgar/browse/?CIK=0000006281
AMAT,Applied Materials,0000006951,3674,Semiconductors & Related Devices,https://www.sec.gov/edgar/browse/?CIK=0000006951
AVGO,Broadcom,0001730168,3674,Semiconductors & Related Devices,https://www.sec.gov/edgar/browse/?CIK=0001730168
ENPH,Enphase Energy,0001463101,3674,Semiconductors & Related Devices,https://www.sec.gov/edgar/browse/?CIK=0001463101
FSLR,First Solar,0001274494,3674,Semiconductors & Related Devices,https://www.sec.gov/edgar/browse/?CIK=0001274494
INTC,Intel,0000050863,3674,Semiconductors & Related Devices,https://www.sec.gov/edgar/browse/?CIK=0000050863
MCHP,Microchip Technology,0000827054,3674,Semiconductors & Related Devices,https://www.sec.gov/edgar/browse/?CIK=0000827054
MU,Micron Technology,0000723125,3674,Semiconductors & Related Devices,https://www.sec.gov/edgar/browse/?CIK=0000723125
MPWR,Monolithic Power Systems,0001280452,3674,Semiconductors & Related Devices,https://www.sec.gov/edgar/browse/?CIK=0001280452
NVDA,Nvidia,0001045810,3674,Semiconductors & Related Devices,https://www.sec.gov/edgar/browse/?CIK=0001045810
NXPI,NXP Semiconductors,0001413447,3674,Semiconductors & Related Devices,https://www.sec.gov/edgar/browse/?CIK=0001413447
ON,ON Semiconductor,0001097864,3674,Semiconductors & Related Devices,https://www.sec.gov/edgar/browse/?CIK=0001097864
SWKS,Skyworks Solutions,0000004127,3674,Semiconductors & Related Devices,https://www.sec.gov/edgar/browse/?CIK=0000004127
TXN,Texas Instruments,0000097476,3674,Semiconductors & Related Devices,https://www.sec.gov/edgar/browse/?CIK=0000097476
IPG,Interpublic Group of Companies (The),0000051644,7311,Services-Advertising Agencies,https://www.sec.gov/edgar/browse/?CIK=0000051644
OMC,Omnicom Group,0000029989,7311,Services-Advertising Agencies,https://www.sec.gov/edgar/browse/?CIK=0000029989
LYV,Live Nation Entertainment,0001335258,7900,Services-Amusement & Recreation Services,https://www.sec.gov/edgar/browse/?CIK=0001335258
ACN,Accenture,0001467373,7389,"Services-Business Services, NEC",https://www.sec.gov/edgar/browse/?CIK=0001467373
AKAM,Akamai Technologies,0001086222,7389,"Services-Business Services, NEC",https://www.sec.gov/edgar/browse/?CIK=0001086222
BR,Broadridge Financial Solutions,0001383312,7389,"Services-Business Services, NEC",https://www.sec.gov/edgar/browse/?CIK=0001383312
CPAY,Corpay,0001175454,7389,"Services-Business Services, NEC",https://www.sec.gov/edgar/browse/?CIK=0001175454
CSGP,CoStar Group,0001057352,7389,"Services-Business Services, NEC",https://www.sec.gov/edgar/browse/?CIK=0001057352
EBAY,eBay,0001065088,7389,"Services-Business Services, NEC",https://www.sec.gov/edgar/browse/?CIK=0001065088
FICO,Fair Isaac,0000814547,7389,"Services-Business Services, NEC",https://www.sec.gov/edgar/browse/?CIK=0000814547
FIS,Fidelity National Information Services,0001136893,7389,"Services-Business Services, NEC",https://www.sec.gov/edgar/browse/?CIK=0001136893
FI,Fiserv,0000798354,7389,"Services-Business Services, NEC",https://www.sec.gov/edgar/browse/?CIK=0000798354
GPN,Global Payments,0001123360,7389,"Services-Business Services, NEC",https://www.sec.gov/edgar/browse/?CIK=0001123360
MA,Mastercard,0001141391,7389,"Services-Business Services, NEC",https://www.sec.gov/edgar/browse/?CIK=0001141391
MSCI,MSCI,0001408198,7389,"Services-Business Services, NEC",https://www.sec.gov/edgar/browse/?CIK=0001408198
PYPL,PayPal,0001633917,7389,"Services-Business Services, NEC",https://www.sec.gov/edgar/browse/?CIK=0001633917
UBER,Uber,0001543151,7389,"Services-Business Services, NEC",https://www.sec.gov/edgar/browse/?CIK=0001543151
V,Visa Inc.,0001403161,7389,"Services-Business Services, NEC",https://www.sec.gov/edgar/browse/?CIK=0001403161
CRL,Charles River Laboratories,0001100682,8731,Services-Commercial Physical & Biological Research,https://www.sec.gov/edgar/browse/?CIK=0001100682
INCY,Incyte,0000879169,8731,Services-Commercial Physical & Biological Research,https://www.sec.gov/edgar/browse/?CIK=0000879169
IQV,IQVIA,0001478242,8731,Services-Commercial Physical & Biological Research,https://www.sec.gov/edgar/browse/?CIK=0001478242
GDDY,GoDaddy,0001609711,7373,Services-Computer Integrated Systems Design,https://www.sec.gov/edgar/browse/?CIK=0001609711
JKHY,Jack Henry & Associates,0000779152,7373,Services-Computer Integrated Systems Design,https://www.sec.gov/edgar/browse/?CIK=0000779152
LDOS,Leidos,0001336920,7373,Services-Computer Integrated Systems Design,https://www.sec.gov/edgar/browse/?CIK=0001336920
ADP,Automatic Data Processing,0000008670,7374,Services-Computer Processing & Data Preparation,https://www.sec.gov/edgar/browse/?CIK=0000008670
VRSK,Verisk Analytics,0001442145,7374,Services-Computer Processing & Data Preparation,https://www.sec.gov/edgar/browse/?CIK=0001442145
WDAY,"Workday, Inc.",0001327811,7374,Services-Computer Processing & Data Preparation,https://www.sec.gov/edgar/browse/?CIK=0001327811
CTSH,Cognizant,0001058290,7371,Services-Computer Programming Services,https://www.sec.gov/edgar/browse/?CIK=0001058290
EPAM,EPAM Systems,0001352010,7371,Services-Computer Programming Services,https://www.sec.gov/edgar/browse/?CIK=0001352010
VRSN,Verisign,0001014473,7371,Services-Computer Programming Services,https://www.sec.gov/edgar/browse/?CIK=0001014473
GOOGL,Alphabet Inc. (Class A),0001652044,7370,"Services-Computer Programming, Data Processing, Etc.",https://www.sec.gov/edgar/browse/?CIK=0001652044
GOOG,Alphabet Inc. (Class C),0001652044,7370,"Services-Computer Programming, Data Processing, Etc.",https://www.sec.gov/edgar/browse/?CIK=0001652044
FDS,FactSet,0001013237,7370,"Services-Computer Programming, Data Processing, Etc.",https://www.sec.gov/edgar/browse/?CIK=0001013237
MTCH,Match Group,0000891103,7370,"Services-Computer Programming, Data Processing, Etc.",https://www.sec.gov/edgar/browse/?CIK=0000891103
META,Meta Platforms,0001326801,7370,"Services-Computer Programming, Data Processing, Etc.",https://www.sec.gov/edgar/browse/?CIK=0001326801
EFX,Equifax,0000033185,7320,"Services-Consumer Credit Reporting, Collection Agencies",https://www.sec.gov/edgar/browse/?CIK=0000033185
MCO,Moody's Corporation,0001059556,7320,"Services-Consumer Credit Reporting, Collection Agencies",https://www.sec.gov/edgar/browse/?CIK=0001059556
SPGI,S&P Global,0000064040,7320,"Services-Consumer Credit Reporting, Collection Agencies",https://www.sec.gov/edgar/browse/?CIK=0000064040
ALLE,Allegion,0001579241,7381,"Services-Detective, Guard & Armored Car Services",https://www.sec.gov/edgar/browse/?CIK=0001579241
PAYX,Paychex,0000723531,8700,"Services-Engineering, Accounting, Research, Management",https://www.sec.gov/edgar/browse/?CIK=0000723531
URI,United Rentals,0001067701,7359,"Services-Equipment Rental & Leasing, NEC",https://www.sec.gov/edgar/browse/?CIK=0001067701
HCA,HCA Healthcare,0000860730,8062,"Services-General Medical & Surgical Hospitals, NEC",https://www.sec.gov/edgar/browse/?CIK=0000860730
UHS,Universal Health Services,0000352915,8062,"Services-General Medical & Surgical Hospitals, NEC",https://www.sec.gov/edgar/browse/?CIK=0000352915
IT,Gartner,0000749251,8741,Services-Management Services,https://www.sec.gov/edgar/browse/?CIK=0000749251
LH,LabCorp,0000920148,8071,Services-Medical Laboratories,https://www.sec.gov/edgar/browse/?CIK=0000920148
DGX,Quest Diagnostics,0001022079,8071,Services-Medical Laboratories,https://www.sec.gov/edgar/browse/?CIK=0001022079
DVA,DaVita,0000927066,8090,"Services-Misc Health & Allied Services, NEC",https://www.sec.gov/edgar/browse/?CIK=0000927066
DIS,Walt Disney Company (The),0001744489,7990,Services-Miscellaneous Amusement & Recreation,https://www.sec.gov/edgar/browse/?CIK=0001744489
ADBE,Adobe Inc.,0000796343,7372,Services-Prepackaged Software,https://www.sec.gov/edgar/browse/?CIK=0000796343
ANSS,Ansys,0001013462,7372,Services-Prepackaged Software,https://www.sec.gov/edgar/browse/?CIK=0001013462
ADSK,Autodesk,0000769397,7372,Services-Prepackaged Software,https://www.sec.gov/edgar/browse/?CIK=0000769397
CDNS,Cadence Design Systems,0000813672,7372,Services-Prepackaged Software,https://www.sec.gov/edgar/browse/?CIK=0000813672
CRWD,CrowdStrike,0001535527,7372,Services-Prepackaged Software,https://www.sec.gov/edgar/browse/?CIK=0001535527
DAY,Dayforce,0001725057,7372,Services-Prepackaged Software,https://www.sec.gov/edgar/browse/?CIK=0001725057
EA,Electronic Arts,0000712515,7372,Services-Prepackaged Software,https://www.sec.gov/edgar/browse/?CIK=0000712515
GEN,Gen Digital,0000849399,7372,Services-Prepackaged Software,https://www.sec.gov/edgar/browse/?CIK=0000849399
INTU,Intuit,0000896878,7372,Services-Prepackaged Software,https://www.sec.gov/edgar/browse/?CIK=0000896878
MSFT,Microsoft,0000789019,7372,Services-Prepackaged Software,https://www.sec.gov/edgar/browse/?CIK=0000789019
ORCL,Oracle Corporation,0001341439,7372,Services-Prepackaged Software,https://www.sec.gov/edgar/browse/?CIK=0001341439
PLTR,Palantir Technologies,0001321655,7372,Services-Prepackaged Software,https://www.sec.gov/edgar/browse/?CIK=0001321655
PAYC,Paycom,0001590955,7372,Services-Prepackaged Software,https://www.sec.gov/edgar/browse/?CIK=0001590955
PTC,PTC Inc.,0000857005,7372,Services-Prepackaged Software,https://www.sec.gov/edgar/browse/?CIK=0000857005
CRM,Salesforce,0001108524,7372,Services-Prepackaged Software,https://www.sec.gov/edgar/browse/?CIK=0001108524
NOW,ServiceNow,0001373715,7372,Services-Prepackaged Software,https://www.sec.gov/edgar/browse/?CIK=0001373715
SNPS,Synopsys,0000883241,7372,Services-Prepackaged Software,https://www.sec.gov/edgar/browse/?CIK=0000883241
TTWO,Take-Two Interactive,0000946581,7372,Services-Prepackaged Software,https://www.sec.gov/edgar/browse/?CIK=0000946581
TYL,Tyler Technologies,0000860731,7372,Services-Prepackaged Software,https://www.sec.gov/edgar/browse/?CIK=0000860731
ABNB,Airbnb,0001559720,7340,Services-To Dwellings & Other Buildings,https://www.sec.gov/edgar/browse/?CIK=0001559720
ROL,"Rollins, Inc.",0000084839,7340,Services-To Dwellings & Other Buildings,https://www.sec.gov/edgar/browse/?CIK=0000084839
NFLX,Netflix,0001065280,7841,Services-Video Tape Rental,https://www.sec.gov/edgar/browse/?CIK=0001065280
GD,General Dynamics,0000040533,3730,Ship & Boat Building & Repairing,https://www.sec.gov/edgar/browse/?CIK=0000040533
HII,Huntington Ingalls Industries,0001501585,3730,Ship & Boat Building & Repairing,https://www.sec.gov/edgar/browse/?CIK=0001501585
CHD,Church & Dwight,0000313927,2840,"Soap, Detergents, Cleang Preparations, Perfumes, Cosmetics",https://www.sec.gov/edgar/browse/?CIK=0000313927
ECL,Ecolab,0000031462,2840,"Soap, Detergents, Cleang Preparations, Perfumes, Cosmetics",https://www.sec.gov/edgar/browse/?CIK=0000031462
PG,Procter & Gamble,0000080424,2840,"Soap, Detergents, Cleang Preparations, Perfumes, Cosmetics",https://www.sec.gov/edgar/browse/?CIK=0000080424
PNR,Pentair,0000077360,3550,Special Industry Machinery (No Metalworking Machinery),https://www.sec.gov/edgar/browse/?CIK=0000077360
LRCX,Lam Research,0000707549,3559,"Special Industry Machinery, NEC",https://www.sec.gov/edgar/browse/?CIK=0000707549
CLX,Clorox,0000021076,2842,"Specialty Cleaning, Polishing and Sanitation Preparations",https://www.sec.gov/edgar/browse/?CIK=0000021076
BK,BNY Mellon,0001390777,6022,State Commercial Banks,https://www.sec.gov/edgar/browse/?CIK=0001390777
CFG,Citizens Financial Group,0000759944,6022,State Commercial Banks,https://www.sec.gov/edgar/browse/?CIK=0000759944
FITB,Fifth Third Bancorp,0000035527,6022,State Commercial Banks,https://www.sec.gov/edgar/browse/?CIK=0000035527
MTB,M&T Bank,0000036270,6022,State Commercial Banks,https://www.sec.gov/edgar/browse/?CIK=0000036270
NTRS,Northern Trust,0000073124,6022,State Commercial Banks,https://www.sec.gov/edgar/browse/?CIK=0000073124
STT,State Street Corporation,0000093751,6022,State Commercial Banks,https://www.sec.gov/edgar/browse/?CIK=0000093751
NUE,Nucor,0000073309,3312,"Steel Works, Blast Furnaces & Rolling Mills (Coke Ovens)",https://www.sec.gov/edgar/browse/?CIK=0000073309
STLD,Steel Dynamics,0001022671,3312,"Steel Works, Blast Furnaces & Rolling Mills (Coke Ovens)",https://www.sec.gov/edgar/browse/?CIK=0001022671
HSY,Hershey Company (The),0000047111,2060,Sugar & Confectionery Products,https://www.sec.gov/edgar/browse/?CIK=0000047111
MMM,3M,0000066740,3841,Surgical & Medical Instruments & Apparatus,https://www.sec.gov/edgar/browse/?CIK=0000066740
BAX,Baxter International,0000010456,3841,Surgical & Medical Instruments & Apparatus,https://www.sec.gov/edgar/browse/?CIK=0000010456
BDX,Becton Dickinson,0000010795,3841,Surgical & Medical Instruments & Apparatus,https://www.sec.gov/edgar/browse/?CIK=0000010795
BSX,Boston Scientific,0000885725,3841,Surgical & Medical Instruments & Apparatus,https://www.sec.gov/edgar/browse/?CIK=0000885725
DXCM,Dexcom,0001093557,3841,Surgical & Medical Instruments & Apparatus,https://www.sec.gov/edgar/browse/?CIK=0001093557
PODD,Insulet Corporation,0001145197,3841,Surgical & Medical Instruments & Apparatus,https://www.sec.gov/edgar/browse/?CIK=0001145197
RMD,ResMed,0000943819,3841,Surgical & Medical Instruments & Apparatus,https://www.sec.gov/edgar/browse/?CIK=0000943819
SOLV,Solventum,0001964738,3841,Surgical & Medical Instruments & Apparatus,https://www.sec.gov/edgar/browse/?CIK=0001964738
SYK,Stryker Corporation,0000310764,3841,Surgical & Medical Instruments & Apparatus,https://www.sec.gov/edgar/browse/?CIK=0000310764
TFX,Teleflex,0000096943,3841,Surgical & Medical Instruments & Apparatus,https://www.sec.gov/edgar/browse/?CIK=0000096943
WST,West Pharmaceutical Services,0000105770,3841,Surgical & Medical Instruments & Apparatus,https://www.sec.gov/edgar/browse/?CIK=0000105770
T,AT&T,0000732717,4813,Telephone Communications (No Radiotelephone),https://www.sec.gov/edgar/browse/?CIK=0000732717
VZ,Verizon,0000732712,4813,Telephone Communications (No Radiotelephone),https://www.sec.gov/edgar/browse/?CIK=0000732712
FOXA,Fox Corporation (Class A),0001754301,4833,Television Broadcasting Stations,https://www.sec.gov/edgar/browse/?CIK=0001754301
FOX,Fox Corporation (Class B),0001754301,4833,Television Broadcasting Stations,https://www.sec.gov/edgar/browse/?CIK=0001754301
PARA,Paramount Global,0000813828,4833,Television Broadcasting Stations,https://www.sec.gov/edgar/browse/?CIK=0000813828
BKNG,Booking Holdings,0001075531,4700,Transportation Services,https://www.sec.gov/edgar/browse/?CIK=0001075531
EXPE,Expedia Group,0001324424,4700,Transportation Services,https://www.sec.gov/edgar/browse/?CIK=0001324424
UPS,United Parcel Service,0001090727,4210,Trucking & Courier Services (No Air),https://www.sec.gov/edgar/browse/?CIK=0001090727
JBHT,J.B. Hunt,0000728535,4213,Trucking (No Local),https://www.sec.gov/edgar/browse/?CIK=0000728535
ODFL,Old Dominion,0000878927,4213,Trucking (No Local),https://www.sec.gov/edgar/browse/?CIK=0000878927
AWK,American Water Works,0001410636,4941,Water Supply,https://www.sec.gov/edgar/browse/?CIK=0001410636
CCL,Carnival,0000815097,4400,Water Transportation,https://www.sec.gov/edgar/browse/?CIK=0000815097
NCLH,Norwegian Cruise Line Holdings,0001513761,4400,Water Transportation,https://www.sec.gov/edgar/browse/?CIK=0001513761
RCL,Royal Caribbean Group,0000884887,4400,Water Transportation,https://www.sec.gov/edgar/browse/?CIK=0000884887
CAH,Cardinal Health,0000721371,5122,"Wholesale-Drugs, Proprietaries & Druggists' Sundries",https://www.sec.gov/edgar/browse/?CIK=0000721371
COR,Cencora,0001140859,5122,"Wholesale-Drugs, Proprietaries & Druggists' Sundries",https://www.sec.gov/edgar/browse/?CIK=0001140859
MCK,McKesson Corporation,0000927653,5122,"Wholesale-Drugs, Proprietaries & Druggists' Sundries",https://www.sec.gov/edgar/browse/?CIK=0000927653
GWW,W. W. Grainger,0000277135,5000,Wholesale-Durable Goods,https://www.sec.gov/edgar/browse/?CIK=0000277135
TEL,TE Connectivity,0001385157,5065,"Wholesale-Electronic Parts & Equipment, NEC",https://www.sec.gov/edgar/browse/?CIK=0001385157
DPZ,Domino's,0001286681,5140,Wholesale-Groceries & Related Products,https://www.sec.gov/edgar/browse/?CIK=0001286681
SYY,Sysco,0000096021,5140,Wholesale-Groceries & Related Products,https://www.sec.gov/edgar/browse/?CIK=0000096021
HSIC,Henry Schein,0001000228,5047,"Wholesale-Medical, Dental & Hospital Equipment & Supplies",https://www.sec.gov/edgar/browse/?CIK=0001000228
POOL,Pool Corporation,0000945841,5090,Wholesale-Misc Durable Goods,https://www.sec.gov/edgar/browse/?CIK=0000945841
GPC,Genuine Parts Company,0000040987,5013,Wholesale-Motor Vehicle Supplies & New Parts,https://www.sec.gov/edgar/browse/?CIK=0000040987
LKQ,LKQ Corporation,0001065696,5010,Wholesale-Motor Vehicles & Motor Vehicle Parts & Supplies,https://www.sec.gov/edgar/browse/?CIK=0001065696
GEHC,GE HealthCare,0001932393,3844,X-Ray Apparatus & Tubes & Related Irradiation Apparatus,https://www.sec.gov/edgar/browse/?CIK=0001932393
HOLX,Hologic,0000859737,3844,X-Ray Apparatus & Tubes & Related Irradiation Apparatus,https://www.sec.gov/edgar/browse/?CIK=0000859737
